{
    "tomate": {
        "taches brunes": {
            "diagnostic": "mildiou",
            "traitement": "Appliquer un traitement à base de cuivre une fois par semaine. Évitez l'excès d'humidité."
        },
        "feuilles jaunes": {
            "diagnostic": "carence en azote",
            "traitement": "Appliquer un engrais riche en azote."
        }
    },
    "blé": {
        "feuilles rouillées": {
            "diagnostic": "rouille jaune",
            "traitement": "Utiliser un fongicide systémique adapté dès les premiers symptômes."
        }
    },
    "olivier": {
        "trous dans les feuilles": {
            "diagnostic": "attaque d'œil de paon",
            "traitement": "Élaguer les branches atteintes et appliquer un traitement fongicide à base de cuivre."
        }
    }
}